generation,individual,fitness,compression_ratio,integrity_check
0,0,25.96,0.50906,True
0,1,0.0,1.000387,False
0,2,0.0,1.000743,False
0,3,0.0,0.50906,False
0,4,25.96,0.50906,True
0,5,0.0,1.000743,False
0,6,25.96,0.509055,True
0,7,25.96,0.50906,True
1,0,25.96,0.50906,True
1,1,25.96,0.50906,True
1,2,25.96,0.509055,True
1,3,25.96,0.50906,True
1,4,0.0,1.000743,False
1,5,0.0,0.509055,False
1,6,25.96,0.509055,True
1,7,0.0,388.825087,False
