generation,individual,fitness,compression_ratio,integrity_check
0,0,25.96,0.50906,True
0,1,25.96,0.50906,True
0,2,25.96,0.50906,True
0,3,0.0,0.50906,False
0,4,0,1.0,False
0,5,30.65,1.000317,True
0,6,0.0,1.000743,False
0,7,25.96,0.509051,True
1,0,30.65,1.000317,True
1,1,25.96,0.50906,True
1,2,25.96,0.50906,True
1,3,25.96,0.50906,True
1,4,30.65,1.000247,True
1,5,25.96,0.50906,True
1,6,30.65,1.000317,True
1,7,0.0,1.000743,False
