generation,individual,fitness,compression_ratio,integrity_check
0,0,25.96,0.50906,True
0,1,25.96,0.50906,True
0,2,0.0,1.000743,False
0,3,25.96,0.504678,True
1,0,25.96,0.50906,True
1,1,25.96,0.50906,True
1,2,25.96,0.504678,True
1,3,0.0,1.000743,False
2,0,25.96,0.50906,True
2,1,25.96,0.50906,True
2,2,25.96,0.504678,True
2,3,0.0,1.000743,False
