generation,individual,fitness,compression_ratio,integrity_check
0,0,25.96,0.50906,True
0,1,0.0,1.000743,False
0,2,0.0,1.000743,False
1,0,25.96,0.50906,True
1,1,0.0,1.000743,False
1,2,0.0,1.000743,False
2,0,25.96,0.50906,True
2,1,0.0,1.000743,False
2,2,0.0,1.000743,False
3,0,25.96,0.50906,True
3,1,0.0,1.000743,False
3,2,0.0,1.000743,False
